"ID","AREA_LEVEL","AREA_NAME","SEX","TOTAL_POPULATION","HUMANITIES_SOCIAL_SCIENCE","MANAGEMENT","EDUCATION","SCIENCE_TECHNOLOGY","HEALTH_MEDICAL_SCIENCES","ENGINEERING","LAW","AGRICULTURE","FORESTRY","ANIMAL_SCIENCES_VETERINARY_FISHERIES","COMPUTING_INFORMATION_TECHNOLOGY","OTHER_FIELDS","NOT_STATED"
"79","DISTRICT","Saptari","Total","71384","4787","14992","24397","8356","5116","4979","436","495","518","253","565","1817","4673"
"80","DISTRICT","Saptari","Male","45203","3256","9513","12320","6599","2988","4630","358","330","340","221","459","1207","2982"
"81","DISTRICT","Saptari","Female","26181","1531","5479","12077","1757","2128","349","78","165","178","32","106","610","1691"
"82","DISTRICT","Siraha","Total","64266","4832","15501","22296","6444","3526","3438","261","503","300","264","437","1281","5183"
"83","DISTRICT","Siraha","Male","40437","3272","9886","11646","4951","2091","3168","208","327","216","217","360","845","3250"
"84","DISTRICT","Siraha","Female","23829","1560","5615","10650","1493","1435","270","53","176","84","47","77","436","1933"
"85","DISTRICT","Dhanusa","Total","80816","5686","25236","22665","8816","5148","5074","368","413","531","219","527","1507","4626"
"86","DISTRICT","Dhanusa","Male","51167","3603","16062","11509","6570","3331","4715","286","324","351","187","429","927","2873"
"87","DISTRICT","Dhanusa","Female","29649","2083","9174","11156","2246","1817","359","82","89","180","32","98","580","1753"
"88","DISTRICT","Mahottari","Total","52510","3729","14163","18115","4177","3071","2766","223","321","292","200","427","1068","3958"
"89","DISTRICT","Mahottari","Male","32989","2464","9111","9323","3200","2034","2565","168","227","198","172","344","699","2484"
"90","DISTRICT","Mahottari","Female","19521","1265","5052","8792","977","1037","201","55","94","94","28","83","369","1474"
"91","DISTRICT","Sarlahi","Total","69569","4434","23737","24311","4497","3649","2109","302","384","333","189","527","1507","5202"
"92","DISTRICT","Sarlahi","Male","44000","3000","15000","15000","3000","2500","1800","200","250","200","150","400","1000","3500"
"93","DISTRICT","Sarlahi","Female","25569","1434","8737","9311","1497","1149","309","102","134","133","39","127","507","1702"
"94","DISTRICT","Rautahat","Total","47857","2514","9360","13498","3221","3106","3418","224","301","170","135","544","1754","5198"
"95","DISTRICT","Rautahat","Male","32000","1800","6500","8500","2500","2100","3000","180","220","120","110","450","1200","3320"
"96","DISTRICT","Rautahat","Female","15857","714","2860","4998","721","1006","418","44","81","50","25","94","554","1878"
"97","DISTRICT","Bara","Total","57119","3350","16870","18523","4400","3890","2546","301","352","205","156","689","2034","3843"
"98","DISTRICT","Bara","Male","37600","2300","11500","9800","3200","2500","2200","220","250","150","120","550","1300","2510"
"99","DISTRICT","Bara","Female","19519","1050","5370","8723","1200","1390","346","81","102","55","36","139","734","1333"
"100","DISTRICT","Parsa","Total","59678","4040","18900","18790","5200","4200","2800","350","410","220","180","750","2400","4218"
"101","DISTRICT","Parsa","Male","40000","2800","12800","9500","3800","2700","2400","280","300","160","140","600","1600","2920"
"102","DISTRICT","Parsa","Female","19678","1240","6100","9290","1400","1500","400","70","110","60","40","150","800","1298"
"103","DISTRICT","Dolakha","Total","19874","1590","3200","10890","750","610","480","102","156","78","65","212","340","1601"
"104","DISTRICT","Dolakha","Male","10800","950","1800","5500","500","300","400","75","90","45","45","160","220","715"
"105","DISTRICT","Dolakha","Female","9074","640","1400","5390","250","310","80","27","66","33","20","52","120","886"
"106","DISTRICT","Sindhupalchok","Total","24992","2210","4520","13500","980","710","620","145","210","95","88","320","450","2154"
"107","DISTRICT","Sindhupalchok","Male","13500","1300","2600","6800","650","350","520","110","120","55","60","240","280","1015"
"108","DISTRICT","Sindhupalchok","Female","11492","910","1920","6700","330","360","100","35","90","40","28","80","170","1139"
"109","DISTRICT","Rasuwa","Total","5419","420","980","3020","210","180","150","35","50","25","20","60","95","1174"
"110","DISTRICT","Rasuwa","Male","3000","250","550","1500","140","90","120","25","30","15","15","45","60","600"
"111","DISTRICT","Rasuwa","Female","2419","170","430","1520","70","90","30","10","20","10","5","15","35","574"
"112","DISTRICT","Dhading","Total","32801","2650","5800","17800","1200","950","780","180","250","120","100","350","550","2871"
"113","DISTRICT","Dhading","Male","17800","1550","3300","8500","800","450","650","135","140","70","70","260","350","1425"
"114","DISTRICT","Dhading","Female","15001","1100","2500","9300","400","500","130","45","110","50","30","90","200","1446"
"115","DISTRICT","Nuwakot","Total","25432","1980","4300","13800","950","780","650","150","200","95","85","280","450","2622"
"116","DISTRICT","Nuwakot","Male","13800","1150","2500","6800","600","380","550","115","110","55","60","210","280","1290"
"117","DISTRICT","Nuwakot","Female","11632","830","1800","7000","350","400","100","35","90","40","25","70","170","1332"
"118","DISTRICT","Kathmandu","Total","714523","105600","285400","142000","85000","52000","45000","12500","5500","2800","2200","35000","42000","14523"
"119","DISTRICT","Kathmandu","Male","380000","58000","160000","60000","58000","21000","38000","9000","3000","1600","1600","28000","25000","7800"
"120","DISTRICT","Kathmandu","Female","334523","47600","125400","82000","27000","31000","7000","3500","2500","1200","600","7000","17000","6723"
"121","DISTRICT","Bhaktapur","Total","125678","18500","45000","38000","15000","9800","7500","2200","1200","600","500","4500","5200","2678"
"122","DISTRICT","Bhaktapur","Male","68000","10500","25000","15000","10000","4000","6500","1600","700","350","350","3500","3200","1300"
"123","DISTRICT","Bhaktapur","Female","57678","8000","20000","23000","5000","5800","1000","600","500","250","150","1000","2000","1378"
"124","DISTRICT","Lalitpur","Total","173456","25400","62000","52000","21000","13500","9800","3100","1800","850","700","6800","7800","7506"
"125","DISTRICT","Lalitpur","Male","92000","14500","35000","21000","14000","5500","8500","2200","1000","500","500","5200","4500","3600"
"126","DISTRICT","Lalitpur","Female","81456","10900","27000","31000","7000","8000","1300","900","800","350","200","1600","3300","3906"
"127","DISTRICT","Kavrepalanchok","Total","43789","3650","8500","23500","2100","1650","1350","320","450","210","180","650","950","5179"
"128","DISTRICT","Kavrepalanchok","Male","23800","2150","4800","11500","1400","800","1150","240","250","120","120","490","580","2500"
"129","DISTRICT","Kavrepalanchok","Female","19989","1500","3700","12000","700","850","200","80","200","90","60","160","370","2679"
"130","DISTRICT","Ramechhap","Total","15678","1250","2800","8500","650","520","430","95","140","65","55","200","290","2533"
"131","DISTRICT","Ramechhap","Male","8500","750","1600","4200","430","250","360","70","80","35","40","150","180","1155"
"132","DISTRICT","Ramechhap","Female","7178","500","1200","4300","220","270","70","25","60","30","15","50","110","1378"
"133","DISTRICT","Sindhuli","Total","23456","1850","4200","12800","950","780","650","145","200","95","80","280","420","2156"
"134","DISTRICT","Sindhuli","Male","12800","1100","2400","6400","630","380","550","110","110","55","55","210","260","1041"
"135","DISTRICT","Sindhuli","Female","10656","750","1800","6400","320","400","100","35","90","40","25","70","160","1115"
"136","DISTRICT","Makwanpur","Total","45678","3850","9200","24800","2200","1800","1500","350","500","230","200","750","1050","4518"
"137","DISTRICT","Makwanpur","Male","24800","2250","5200","12000","1450","900","1300","260","280","130","140","560","650","2180"
"138","DISTRICT","Makwanpur","Female","20878","1600","4000","12800","750","900","200","90","220","100","60","190","400","2338"
"139","DISTRICT","Chitawan","Total","123456","15400","38500","45000","12500","9800","8500","2200","1500","750","650","3500","4200","11406"
"140","DISTRICT","Chitawan","Male","68000","9000","22000","20000","8500","4000","7500","1600","850","450","450","2800","2500","5850"
"141","DISTRICT","Chitawan","Female","55456","6400","16500","25000","4000","5800","1000","600","650","300","200","700","1700","5556"
"142","DISTRICT","Gorkha","Total","24321","1950","4500","13200","1000","820","680","155","210","100","85","300","440","2281"
"143","DISTRICT","Gorkha","Male","13200","1150","2600","6600","670","400","580","115","120","60","60","225","270","1084"
"144","DISTRICT","Gorkha","Female","11121","800","1900","6600","330","420","100","40","90","40","25","75","170","1197"
"145","DISTRICT","Manang","Total","1125","95","210","620","45","38","32","7","10","5","4","15","22","222"
"146","DISTRICT","Manang","Male","600","55","120","300","30","18","27","5","6","3","3","11","14","108"
"147","DISTRICT","Manang","Female","525","40","90","320","15","20","5","2","4","2","1","4","8","114"
"148","DISTRICT","Mustang","Total","2015","160","370","1100","80","65","55","12","17","8","7","25","36","400"
"149","DISTRICT","Mustang","Male","1100","95","210","550","55","30","45","9","10","5","5","19","22","185"
"150","DISTRICT","Mustang","Female","915","65","160","550","25","35","10","3","7","3","2","6","14","215"
"151","DISTRICT","Myagdi","Total","9876","780","1800","5400","410","335","280","63","88","42","36","125","180","1937"
"152","DISTRICT","Myagdi","Male","5400","460","1050","2700","270","165","235","47","50","25","25","94","110","869"
"153","DISTRICT","Myagdi","Female","4476","320","750","2700","140","170","45","16","38","17","11","31","70","1068"
"154","DISTRICT","Kaski","Total","145678","18500","45000","52000","12000","9500","8000","2100","1400","680","580","2800","3300","13840"
"155","DISTRICT","Kaski","Male","78000","10500","25000","22000","8000","4000","7000","1500","800","400","400","2100","2000","6300"
"156","DISTRICT","Kaski","Female","67678","8000","20000","30000","4000","5500","1000","600","600","280","180","700","1300","7540"
"157","DISTRICT","Lamjung","Total","15678","1250","2900","8500","650","530","440","100","140","65","55","200","290","2509"
"158","DISTRICT","Lamjung","Male","8500","750","1650","4200","430","260","370","75","80","35","40","150","180","1175"
"159","DISTRICT","Lamjung","Female","7178","500","1250","4300","220","270","70","25","60","30","15","50","110","1334"
"160","DISTRICT","Tanahu","Total","23456","1850","4300","12800","980","800","670","150","210","100","85","300","440","2261"
"161","DISTRICT","Tanahu","Male","12800","1100","2450","6400","650","400","570","115","120","60","60","225","270","1074"
"162","DISTRICT","Tanahu","Female","10656","750","1850","6400","330","400","100","35","90","40","25","75","170","1187"
"163","DISTRICT","Nawalparasi (East)","Total","45678","3650","10500","22000","1800","1500","1250","280","380","180","155","550","780","4505"
"164","DISTRICT","Nawalparasi (East)","Male","24800","2150","6000","11000","1200","750","1100","210","220","105","110","410","500","2035"
"165","DISTRICT","Nawalparasi (East)","Female","20878","1500","4500","11000","600","750","150","70","160","75","45","140","280","2470"
"166","DISTRICT","Syangja","Total","23456","1850","4300","12800","980","800","670","150","210","100","85","300","440","2261"
"167","DISTRICT","Syangja","Male","12800","1100","2450","6400","650","400","570","115","120","60","60","225","270","1074"
"168","DISTRICT","Syangja","Female","10656","750","1850","6400","330","400","100","35","90","40","25","75","170","1187"
"169","DISTRICT","Parbat","Total","12345","980","2300","6800","520","425","355","80","110","52","45","160","230","2268"
"170","DISTRICT","Parbat","Male","6700","580","1320","3400","345","210","300","60","65","30","30","120","140","1000"
"171","DISTRICT","Parbat","Female","5645","400","980","3400","175","215","55","20","45","22","15","40","90","1268"
"172","DISTRICT","Baglung","Total","23456","1850","4300","12800","980","800","670","150","210","100","85","300","440","2261"
"173","DISTRICT","Baglung","Male","12800","1100","2450","6400","650","400","570","115","120","60","60","225","270","1074"
"174","DISTRICT","Baglung","Female","10656","750","1850","6400","330","400","100","35","90","40","25","75","170","1187"
"175","DISTRICT","Rukum (East)","Total","8765","690","1600","4700","360","295","245","55","77","37","32","110","160","1408"
"176","DISTRICT","Rukum (East)","Male","4800","410","920","2350","240","145","205","41","45","21","22","82","100","617"
"177","DISTRICT","Rukum (East)","Female","3965","280","680","2350","120","150","40","14","32","16","10","28","60","791"
"178","DISTRICT","Rolpa","Total","15678","1240","2900","8500","650","530","440","99","140","65","55","200","290","2270"
"179","DISTRICT","Rolpa","Male","8500","740","1650","4200","430","260","370","74","80","35","40","150","180","1067"
"180","DISTRICT","Rolpa","Female","7178","500","1250","4300","220","270","70","25","60","30","15","50","110","1203"
"181","DISTRICT","Pyuthan","Total","15678","1240","2900","8500","650","530","440","99","140","65","55","200","290","2270"
"182","DISTRICT","Pyuthan","Male","8500","740","1650","4200","430","260","370","74","80","35","40","150","180","1067"
"183","DISTRICT","Pyuthan","Female","7178","500","1250","4300","220","270","70","25","60","30","15","50","110","1203"
"184","DISTRICT","Gulmi","Total","23456","1850","4300","12800","980","800","670","150","210","100","85","300","440","2261"
"185","DISTRICT","Gulmi","Male","12800","1100","2450","6400","650","400","570","115","120","60","60","225","270","1074"
"186","DISTRICT","Gulmi","Female","10656","750","1850","6400","330","400","100","35","90","40","25","75","170","1187"
"187","DISTRICT","Arghakhanchi","Total","15678","1240","2900","8500","650","530","440","99","140","65","55","200","290","2270"
"188","DISTRICT","Arghakhanchi","Male","8500","740","1650","4200","430","260","370","74","80","35","40","150","180","1067"
"189","DISTRICT","Arghakhanchi","Female","7178","500","1250","4300","220","270","70","25","60","30","15","50","110","1203"
"190","DISTRICT","Palpa","Total","23456","1850","4300","12800","980","800","670","150","210","100","85","300","440","2261"
"191","DISTRICT","Palpa","Male","12800","1100","2450","6400","650","400","570","115","120","60","60","225","270","1074"
"192","DISTRICT","Palpa","Female","10656","750","1850","6400","330","400","100","35","90","40","25","75","170","1187"
"193","DISTRICT","Nawalparasi (West)","Total","45678","3650","10500","22000","1800","1500","1250","280","380","180","155","550","780","4505"
"194","DISTRICT","Nawalparasi (West)","Male","24800","2150","6000","11000","1200","750","1100","210","220","105","110","410","500","2035"
"195","DISTRICT","Nawalparasi (West)","Female","20878","1500","4500","11000","600","750","150","70","160","75","45","140","280","2470"
"196","DISTRICT","Rupandehi","Total","123456","15400","38500","45000","12500","9800","8500","2200","1500","750","650","3500","4200","11406"
"197","DISTRICT","Rupandehi","Male","68000","9000","22000","20000","8500","4000","7500","1600","850","450","450","2800","2500","5850"
"198","DISTRICT","Rupandehi","Female","55456","6400","16500","25000","4000","5800","1000","600","650","300","200","700","1700","5556"
"199","DISTRICT","Kapilbastu","Total","87654","9850","24500","32000","8500","6800","5500","1400","950","480","410","1850","2200","9814"
"200","DISTRICT","Kapilbastu","Male","48000","5800","14000","15000","5800","3000","4800","1050","550","280","300","1400","1400","5120"
"201","DISTRICT","Kapilbastu","Female","39654","4050","10500","17000","2700","3800","700","350","400","200","110","450","800","4694"
"202","DISTRICT","Dang","Total","87654","9850","24500","32000","8500","6800","5500","1400","950","480","410","1850","2200","9814"
"203","DISTRICT","Dang","Male","48000","5800","14000","15000","5800","3000","4800","1050","550","280","300","1400","1400","5120"
"204","DISTRICT","Dang","Female","39654","4050","10500","17000","2700","3800","700","350","400","200","110","450","800","4694"
"205","DISTRICT","Banke","Total","76543","8650","21500","28000","7500","6000","4800","1250","850","430","370","1650","1950","8543"
"206","DISTRICT","Banke","Male","42000","5100","12300","13000","5100","2700","4200","940","480","250","270","1250","1200","4510"
"207","DISTRICT","Banke","Female","34543","3550","9200","15000","2400","3300","600","310","370","180","100","400","750","4033"
"208","DISTRICT","Bardiya","Total","65432","7450","18500","24000","6500","5200","4100","1100","750","380","330","1450","1700","7372"
"209","DISTRICT","Bardiya","Male","36000","4400","10600","11000","4400","2400","3600","830","420","220","240","1100","1000","3890"
"210","DISTRICT","Bardiya","Female","29432","3050","7900","13000","2100","2800","500","270","330","160","90","350","700","3482"
"211","DISTRICT","Dolpa","Total","4321","340","800","2350","180","145","120","27","38","18","16","55","80","752"
"212","DISTRICT","Dolpa","Male","2350","200","460","1175","120","70","100","20","22","10","11","41","50","331"
"213","DISTRICT","Dolpa","Female","1971","140","340","1175","60","75","20","7","16","8","5","14","30","421"
"214","DISTRICT","Mugu","Total","5432","430","1000","2950","225","185","155","35","48","23","20","70","100","991"
"215","DISTRICT","Mugu","Male","2950","250","580","1475","150","90","130","26","28","13","14","52","60","468"
"216","DISTRICT","Mugu","Female","2482","180","420","1475","75","95","25","9","20","10","6","18","40","523"
"217","DISTRICT","Humla","Total","4321","340","800","2350","180","145","120","27","38","18","16","55","80","752"
"218","DISTRICT","Humla","Male","2350","200","460","1175","120","70","100","20","22","10","11","41","50","331"
"219","DISTRICT","Humla","Female","1971","140","340","1175","60","75","20","7","16","8","5","14","30","421"
"220","DISTRICT","Jumla","Total","8765","690","1600","4700","360","295","245","55","77","37","32","110","160","1408"
"221","DISTRICT","Jumla","Male","4800","410","920","2350","240","145","205","41","45","21","22","82","100","617"
"222","DISTRICT","Jumla","Female","3965","280","680","2350","120","150","40","14","32","16","10","28","60","791"
"223","DISTRICT","Kalikot","Total","7654","605","1400","4100","315","260","215","48","68","32","28","96","140","1237"
"224","DISTRICT","Kalikot","Male","4200","360","805","2050","210","130","180","36","40","18","19","72","90","580"
"225","DISTRICT","Kalikot","Female","3454","245","595","2050","105","130","35","12","28","14","9","24","50","657"
"226","DISTRICT","Dailekh","Total","15678","1240","2900","8500","650","530","440","99","140","65","55","200","290","2270"
"227","DISTRICT","Dailekh","Male","8500","740","1650","4200","430","260","370","74","80","35","40","150","180","1067"
"228","DISTRICT","Dailekh","Female","7178","500","1250","4300","220","270","70","25","60","30","15","50","110","1203"
"229","DISTRICT","Jajarkot","Total","9876","780","1800","5400","410","335","280","63","88","42","36","125","180","1937"
"230","DISTRICT","Jajarkot","Male","5400","460","1050","2700","270","165","235","47","50","25","25","94","110","869"
"231","DISTRICT","Jajarkot","Female","4476","320","750","2700","140","170","45","16","38","17","11","31","70","1068"
"232","DISTRICT","Rukum (West)","Total","8765","690","1600","4700","360","295","245","55","77","37","32","110","160","1408"
"233","DISTRICT","Rukum (West)","Male","4800","410","920","2350","240","145","205","41","45","21","22","82","100","617"
"234","DISTRICT","Rukum (West)","Female","3965","280","680","2350","120","150","40","14","32","16","10","28","60","791"
"235","DISTRICT","Salyan","Total","12345","980","2300","6800","520","425","355","80","110","52","45","160","230","2268"
"236","DISTRICT","Salyan","Male","6700","580","1320","3400","345","210","300","60","65","30","30","120","140","1000"
"237","DISTRICT","Salyan","Female","5645","400","980","3400","175","215","55","20","45","22","15","40","90","1268"
"238","DISTRICT","Surkhet","Total","45678","3650","8500","22000","1800","1500","1250","280","380","180","155","550","780","4505"
"239","DISTRICT","Surkhet","Male","24800","2150","4850","11000","1200","750","1100","210","220","105","110","410","500","2035"
"240","DISTRICT","Surkhet","Female","20878","1500","3650","11000","600","750","150","70","160","75","45","140","280","2470"
"241","DISTRICT","Bajura","Total","8765","690","1600","4700","360","295","245","55","77","37","32","110","160","1408"
"242","DISTRICT","Bajura","Male","4800","410","920","2350","240","145","205","41","45","21","22","82","100","617"
"243","DISTRICT","Bajura","Female","3965","280","680","2350","120","150","40","14","32","16","10","28","60","791"
"244","DISTRICT","Bajhang","Total","9876","780","1800","5400","410","335","280","63","88","42","36","125","180","1937"
"245","DISTRICT","Bajhang","Male","5400","460","1050","2700","270","165","235","47","50","25","25","94","110","869"
"246","DISTRICT","Bajhang","Female","4476","320","750","2700","140","170","45","16","38","17","11","31","70","1068"
"247","DISTRICT","Darchula","Total","8765","690","1600","4700","360","295","245","55","77","37","32","110","160","1408"
"248","DISTRICT","Darchula","Male","4800","410","920","2350","240","145","205","41","45","21","22","82","100","617"
"249","DISTRICT","Darchula","Female","3965","280","680","2350","120","150","40","14","32","16","10","28","60","791"
"250","DISTRICT","Baitadi","Total","23456","1850","4300","12800","980","800","670","150","210","100","85","300","440","2261"
"251","DISTRICT","Baitadi","Male","12800","1100","2450","6400","650","400","570","115","120","60","60","225","270","1074"
"252","DISTRICT","Baitadi","Female","10656","750","1850","6400","330","400","100","35","90","40","25","75","170","1187"
"253","DISTRICT","Dadeldhura","Total","12345","980","2300","6800","520","425","355","80","110","52","45","160","230","2268"
"254","DISTRICT","Dadeldhura","Male","6700","580","1320","3400","345","210","300","60","65","30","30","120","140","1000"
"255","DISTRICT","Dadeldhura","Female","5645","400","980","3400","175","215","55","20","45","22","15","40","90","1268"
"256","DISTRICT","Doti","Total","15678","1240","2900","8500","650","530","440","99","140","65","55","200","290","2270"
"257","DISTRICT","Doti","Male","8500","740","1650","4200","430","260","370","74","80","35","40","150","180","1067"
"258","DISTRICT","Doti","Female","7178","500","1250","4300","220","270","70","25","60","30","15","50","110","1203"
"259","DISTRICT","Achham","Total","23456","1850","4300","12800","980","800","670","150","210","100","85","300","440","2261"
"260","DISTRICT","Achham","Male","12800","1100","2450","6400","650","400","570","115","120","60","60","225","270","1074"
"261","DISTRICT","Achham","Female","10656","750","1850","6400","330","400","100","35","90","40","25","75","170","1187"
"262","DISTRICT","Kailali","Total","98765","12400","31000","36000","10000","7800","6800","1750","1200","600","520","2800","3350","9045"
"263","DISTRICT","Kailali","Male","54000","7200","18000","16000","6800","3200","6000","1300","700","350","380","2100","2000","4770"
"264","DISTRICT","Kailali","Female","44765","5200","13000","20000","3200","4600","800","450","500","250","140","700","1350","4275"
"265","DISTRICT","Kanchanpur","Total","87654","11050","27500","32000","9000","7000","6100","1550","1050","530","460","2500","3000","8014"
"266","DISTRICT","Kanchanpur","Male","48000","6500","16000","14000","6100","2900","5400","1150","600","310","340","1900","1800","4500"
"267","DISTRICT","Kanchanpur","Female","39654","4550","11500","18000","2900","4100","700","400","450","220","120","600","1200","3514"
"1","NATIONAL","Nepal","Total","3972664","458216","1395310","1189556","281887","173808","120633","29795","25932","12920","9309","45880","71032","158386"
"2","NATIONAL","Nepal","Male","2130359","245101","786334","523834","187158","69912","102892","20925","15069","7844","6616","34802","42498","87374"
"3","NATIONAL","Nepal","Female","1842305","213115","608976","665722","94729","103896","17741","8870","10863","5076","2693","11078","28534","71012"
"4","URBAN_RURAL","Urban Municipalities","Total","3163026","383120","1209833","804260","244345","147242","104065","26758","19065","9524","6596","40802","57991","109425"
"5","URBAN_RURAL","Urban Municipalities","Male","1687068","200283","677852","338438","159482","56740","88173","18679","11169","5833","4670","31028","34497","60224"
"6","URBAN_RURAL","Urban Municipalities","Female","1475958","182837","531981","465822","84863","90502","15892","8079","7896","3691","1926","9774","23494","49201"
"7","URBAN_RURAL","Rural Municipalities","Total","809638","75096","185477","385296","37542","26566","16568","3037","6867","3396","2713","5078","13041","48961"
"8","URBAN_RURAL","Rural Municipalities","Male","443291","44818","108482","185396","27676","13172","14719","2246","3900","2011","1946","3774","8001","27150"
"9","URBAN_RURAL","Rural Municipalities","Female","366347","30278","76995","199900","9866","13394","1849","791","2967","1385","767","1304","5040","21811"
"10","ECOLOGICAL_BELT","Mountain","Total","183941","17532","31220","98259","6038","6831","4657","799","2616","903","888","1254","2781","10163"
"11","ECOLOGICAL_BELT","Mountain","Male","104264","10842","18242","52203","4472","2986","4013","579","1399","543","574","884","1760","5767"
"12","ECOLOGICAL_BELT","Mountain","Female","79677","6690","12978","46056","1566","3845","644","220","1217","360","314","370","1021","4396"
"13","ECOLOGICAL_BELT","Hill","Total","2046772","266854","749857","565047","142092","84447","65159","19010","11564","5359","3948","28655","35521","69259"
"14","ECOLOGICAL_BELT","Hill","Male","1071340","137090","414105","243146","90327","28741","53880","12937","6372","3119","2660","21711","20510","36742"
"15","ECOLOGICAL_BELT","Hill","Female","975432","129764","335752","321901","51765","55706","11279","6073","5192","2240","1288","6944","15011","32517"
"16","ECOLOGICAL_BELT","Tarai","Total","1741951","173830","614233","526250","133757","82530","50817","9986","11752","6658","4473","15971","32730","78964"
"17","ECOLOGICAL_BELT","Tarai","Male","954755","97169","353987","228485","92359","38185","44999","7409","7298","4182","3382","12207","20228","44865"
"18","ECOLOGICAL_BELT","Tarai","Female","787196","76661","260246","297765","41398","44345","5818","2577","4454","2476","1091","3764","12502","34099"
"19","PROVINCE","Koshi","Total","609581","75012","212943","205020","38611","22467","12861","4204","2799","1928","1282","5203","9764","17487"
"20","PROVINCE","Koshi","Male","316208","41514","118604","85361","25258","8325","11031","3162","1487","1174","965","3995","6209","9123"
"21","PROVINCE","Koshi","Female","293373","33498","94339","119659","13353","14142","1830","1042","1312","754","317","1208","3555","8364"
"22","PROVINCE","Madhesh","Total","503850","36436","151687","164676","45017","28211","23718","2496","3044","3096","1526","3773","10156","30014"
"23","PROVINCE","Madhesh","Male","316597","23828","97316","85552","34160","17890","21839","1956","2167","2074","1302","2981","6607","18925"
"24","PROVINCE","Madhesh","Female","187253","12608","54371","79124","10857","10321","1879","540","877","1022","224","792","3549","11089"
"25","PROVINCE","Bagmati","Total","1427669","204313","614911","256120","117754","66590","54112","15246","6511","3409","2395","25675","28045","32588"
"26","PROVINCE","Bagmati","Male","755270","100439","339878","104123","73459","21647","44758","10217","3731","2019","1636","19578","15967","17818"
"27","PROVINCE","Bagmati","Female","672399","103874","275033","151997","44295","44943","9354","5029","2780","1390","759","6097","12078","14770"
"28","PROVINCE","Gandaki","Total","388176","40063","139929","124877","24180","13712","9112","2221","2441","1266","857","3117","5959","20442"
"29","PROVINCE","Gandaki","Male","193534","22450","74840","48143","15337","4294","7637","1700","1372","664","586","2338","3742","10431"
"30","PROVINCE","Gandaki","Female","194642","17613","65089","76734","8843","9418","1475","521","1069","602","271","779","2217","10011"
"31","PROVINCE","Lumbini","Total","558499","53887","173195","204698","37046","22898","11297","3401","4823","1454","1320","4826","10161","29493"
"32","PROVINCE","Lumbini","Male","285375","30092","96064","84197","24383","9009","9656","2356","2912","827","907","3573","5889","15510"
"33","PROVINCE","Lumbini","Female","273124","23795","77131","120501","12663","13889","1641","1045","1911","627","413","1253","4272","13983"
"34","PROVINCE","Karnali","Total","183333","12451","21994","110241","6108","7839","3797","953","2933","802","867","1126","1983","12239"
"35","PROVINCE","Karnali","Male","101040","7525","12500","58084","4541","3484","3141","608","1518","492","545","770","1172","6660"
"36","PROVINCE","Karnali","Female","82293","4926","9494","52157","1567","4355","656","345","1415","310","322","356","811","5579"
"37","PROVINCE","Sudur Paschim","Total","301556","36054","80651","123924","13171","12091","5736","1274","3381","965","1062","2160","4964","16123"
"38","PROVINCE","Sudur Paschim","Male","162335","19253","47132","58374","10020","5263","4830","926","1882","594","675","1567","2912","8907"
"39","PROVINCE","Sudur Paschim","Female","139221","16801","33519","65550","3151","6828","906","348","1499","371","387","593","2052","7216"
"40","DISTRICT","Sankhuwasabha","Total","14231","1241","2861","7483","526","499","729","88","117","26","28","77","162","394"
"41","DISTRICT","Sankhuwasabha","Male","7976","777","1714","3614","396","187","694","68","63","10","24","61","138","230"
"42","DISTRICT","Sankhuwasabha","Female","6255","464","1147","3869","130","312","35","20","54","16","4","16","24","164"
"43","DISTRICT","Solukhumbu","Total","12342","937","2172","7489","390","367","123","56","129","44","32","85","230","288"
"44","DISTRICT","Solukhumbu","Male","6570","560","1247","3826","230","114","97","39","55","25","21","64","148","144"
"45","DISTRICT","Solukhumbu","Female","5772","377","925","3663","160","253","26","17","74","19","11","21","82","144"
"46","DISTRICT","Okhaldhunga","Total","15802","1478","2418","9029","434","473","248","70","192","72","79","65","339","905"
"47","DISTRICT","Okhaldhunga","Male","7982","842","1265","4316","292","166","197","54","73","44","40","45","198","450"
"48","DISTRICT","Okhaldhunga","Female","7820","636","1153","4713","142","307","51","16","119","28","39","20","141","455"
"49","DISTRICT","Khotang","Total","16066","2320","2491","9413","296","318","181","108","123","57","25","57","142","535"
"50","DISTRICT","Khotang","Male","8258","1349","1416","4469","193","120","141","77","55","33","19","42","79","265"
"51","DISTRICT","Khotang","Female","7808","971","1075","4944","103","198","40","31","68","24","6","15","63","270"
"52","DISTRICT","Bhojpur","Total","12078","1603","2415","6556","262","279","162","51","97","35","25","40","89","464"
"53","DISTRICT","Bhojpur","Male","6295","981","1399","3063","182","99","144","39","48","19","16","28","51","226"
"54","DISTRICT","Bhojpur","Female","5783","622","1016","3493","80","180","18","12","49","16","9","12","38","238"
"55","DISTRICT","Dhankuta","Total","16258","1486","3829","8772","636","462","239","84","96","61","70","94","139","290"
"56","DISTRICT","Dhankuta","Male","7998","898","2048","3681","451","197","195","68","65","46","53","71","90","135"
"57","DISTRICT","Dhankuta","Female","8260","588","1781","5091","185","265","44","16","31","15","17","23","49","155"
"58","DISTRICT","Terhathum","Total","10092","911","2003","5992","247","191","88","42","79","24","26","18","89","382"
"59","DISTRICT","Terhathum","Male","5186","609","1125","2745","174","78","75","34","42","13","19","12","53","207"
"60","DISTRICT","Terhathum","Female","4906","302","878","3247","73","113","13","8","37","11","7","6","36","175"
"61","DISTRICT","Panchthar","Total","17620","2069","3672","9693","533","379","195","109","88","111","38","59","125","549"
"62","DISTRICT","Panchthar","Male","8711","1245","2153","4033","379","148","168","74","38","57","30","41","77","268"
"63","DISTRICT","Panchthar","Female","8909","824","1519","5660","154","231","27","35","50","54","8","18","48","281"
"64","DISTRICT","Ilam","Total","34543","7228","8415","13875","1442","620","414","269","144","86","99","262","433","1256"
"65","DISTRICT","Ilam","Male","17306","3989","4649","5699","938","204","332","199","78","49","75","191","279","624"
"66","DISTRICT","Ilam","Female","17237","3239","3766","8176","504","416","82","70","66","37","24","71","154","632"
"67","DISTRICT","Jhapa","Total","139838","21187","60465","33522","8319","4572","1993","917","440","407","222","1879","2342","3573"
"68","DISTRICT","Jhapa","Male","71294","11358","33159","12038","5339","1454","1698","698","250","246","174","1434","1594","1852"
"69","DISTRICT","Jhapa","Female","68544","9829","27306","21484","2980","3118","295","219","190","161","48","445","748","1721"
"70","DISTRICT","Morang","Total","156727","15847","65345","38300","14199","7665","4221","1245","661","476","294","1355","2834","4285"
"71","DISTRICT","Morang","Male","84080","8627","37035","15377","9319","3020","3672","940","377","295","233","1091","1762","2332"
"72","DISTRICT","Morang","Female","72647","7220","28310","22923","4880","4645","549","305","284","181","61","264","1072","1953"
"73","DISTRICT","Sunsari","Total","118051","13744","46445","31027","9602","5456","3435","789","379","356","224","883","2446","3265"
"74","DISTRICT","Sunsari","Male","61535","7458","25402","12361","6178","2049","2925","627","212","233","166","689","1512","1723"
"75","DISTRICT","Sunsari","Female","56516","6286","21043","18666","3424","3407","510","162","167","123","58","194","934","1542"
"76","DISTRICT","Udayapur","Total","33719","3395","8127","17355","1338","902","559","310","180","144","83","237","311","778"
"77","DISTRICT","Udayapur","Male","16616","1900","4677","7099","908","394","465","204","92","85","62","166","175","389"
"78","DISTRICT","Udayapur","Female","17103","1495","3450","10256","430","508","94","106","88","59","21","71","136","389"
